<?xml version="1.0" encoding="UTF-8"?>
<export version="D">
  <design>
    <source>D:/Projects-ConnectBox/NanoPi_Neo_Daughterboard-Ver4.7.2/NanoPi_Neo_Daughterboard-Ver4.sch</source>
    <date>6/11/2018 2:25:07 PM</date>
    <tool>Eeschema 4.0.2-stable</tool>
    <sheet number="1" name="/" tstamps="/">
      <title_block>
        <title>NEO USB HAT - Li-Ion Battery Powered and Charging</title>
        <company>ConnectBox</company>
        <rev>4.7.2</rev>
        <date>2018-05-17</date>
        <source>NanoPi_Neo_Daughterboard-Ver4.sch</source>
        <comment number="1" value="DAK"/>
        <comment number="2" value=""/>
        <comment number="3" value=""/>
        <comment number="4" value=""/>
      </title_block>
    </sheet>
  </design>
  <components>
    <comp ref="P4">
      <value>MICROUSB - Power</value>
      <footprint>CustomComponents:USB_Micro-B_Molex_47346-0001</footprint>
      <fields>
        <field name="Manufacturer">Amphenol FCI</field>
        <field name="Manufacturer P/N">10118192-0001LF</field>
        <field name="Description">CONN USB MICRO B RECPT SMT R/A</field>
        <field name="DigiKey P/N">609-4613-1-ND</field>
        <field name="Type">SMD</field>
      </fields>
      <libsource lib="NanoPi_Neo_Daughterboard-Ver4-cache" part="USB_OTG-RESCUE-NanoPi_Neo_Daughterboard-Ver2"/>
      <sheetpath names="/" tstamps="/"/>
      <tstamp>594147D3</tstamp>
    </comp>
    <comp ref="P2">
      <value>NEO_GPIO_PINS2</value>
      <footprint>PinStrip:PinStrip_12</footprint>
      <fields>
        <field name="Manufacturer">Sullins Connector Solutions</field>
        <field name="Manufacturer P/N">PPPC121LFBN-RC</field>
        <field name="Description">Generic Female 12 Pin Strip</field>
        <field name="DigiKey P/N">S7045-ND</field>
        <field name="Type">ThroughHole</field>
      </fields>
      <libsource lib="conn" part="CONN_01X12"/>
      <sheetpath names="/" tstamps="/"/>
      <tstamp>59414A14</tstamp>
    </comp>
    <comp ref="C7">
      <value>22uF</value>
      <footprint>Capacitors_SMD:C_0805</footprint>
      <fields>
        <field name="Manufacturer">KEMET</field>
        <field name="Manufacturer P/N">C0805C226M8PAC7800</field>
        <field name="Description">CAP CER 22UF 10V X5R 0805</field>
        <field name="DigiKey P/N">399-12069-1-ND</field>
        <field name="Type">SMD</field>
      </fields>
      <libsource lib="device" part="C"/>
      <sheetpath names="/" tstamps="/"/>
      <tstamp>5941538A</tstamp>
    </comp>
    <comp ref="C8">
      <value>22uF</value>
      <footprint>Capacitors_SMD:C_0805</footprint>
      <fields>
        <field name="Manufacturer">KEMET</field>
        <field name="Manufacturer P/N">C0805C226M8PAC7800</field>
        <field name="Description">CAP CER 22UF 10V X5R 0805</field>
        <field name="DigiKey P/N">399-12069-1-ND</field>
        <field name="Type">SMD</field>
      </fields>
      <libsource lib="device" part="C"/>
      <sheetpath names="/" tstamps="/"/>
      <tstamp>594153D7</tstamp>
    </comp>
    <comp ref="C4">
      <value>10uF</value>
      <footprint>Capacitors_SMD:C_0805</footprint>
      <fields>
        <field name="Manufacturer">Samsung Electro-Mechanics</field>
        <field name="Manufacturer P/N">CL21A106MPFNNNE</field>
        <field name="Description">CAP CER 10UF 10V X5R 0805</field>
        <field name="DigiKey P/N">1276-1144-1-ND</field>
        <field name="Type">SMD</field>
      </fields>
      <libsource lib="device" part="C"/>
      <sheetpath names="/" tstamps="/"/>
      <tstamp>594173FF</tstamp>
    </comp>
    <comp ref="C1">
      <value>10uF</value>
      <footprint>Capacitors_SMD:C_0805</footprint>
      <fields>
        <field name="Manufacturer">Samsung Electro-Mechanics</field>
        <field name="Manufacturer P/N">CL21A106MPFNNNE</field>
        <field name="Description">CAP CER 10UF 10V X5R 0805</field>
        <field name="DigiKey P/N">1276-1144-1-ND</field>
        <field name="Type">SMD</field>
      </fields>
      <libsource lib="device" part="C"/>
      <sheetpath names="/" tstamps="/"/>
      <tstamp>599D595E</tstamp>
    </comp>
    <comp ref="R4">
      <value>1K</value>
      <footprint>Resistors_SMD:R_0805</footprint>
      <fields>
        <field name="Manufacturer">Yageo</field>
        <field name="Manufacturer P/N">RC0805FR-071KL</field>
        <field name="Description">RES SMD 1K OHM 1% 1/8W 0805</field>
        <field name="DigiKey P/N">311-1.00KCRCT-ND</field>
        <field name="Type">SMD</field>
      </fields>
      <libsource lib="device" part="R"/>
      <sheetpath names="/" tstamps="/"/>
      <tstamp>599D633B</tstamp>
    </comp>
    <comp ref="LED1">
      <value>Red</value>
      <footprint>LEDs:LED_0603</footprint>
      <fields>
        <field name="Manufacturer">Lite-On Inc.</field>
        <field name="Manufacturer P/N">LTST-C191KRKT</field>
        <field name="Description">LED RED CLEAR 0603 SMD</field>
        <field name="DigiKey P/N">160-1447-1-ND</field>
        <field name="Type">SMD</field>
      </fields>
      <libsource lib="device" part="Led_Small"/>
      <sheetpath names="/" tstamps="/"/>
      <tstamp>599D63FD</tstamp>
    </comp>
    <comp ref="BAT1">
      <value>Battery</value>
      <footprint>Molex_53261:Molex_53261</footprint>
      <fields>
        <field name="Manufacturer">Molex, LLC</field>
        <field name="Manufacturer P/N">0532610271 </field>
        <field name="Description">CONN HEADER 2POS 1.25MM R/A SMD</field>
        <field name="DigiKey P/N">WM7620CT-ND</field>
        <field name="Type">S&lt;D</field>
      </fields>
      <libsource lib="NanoPi_Neo_Daughterboard-Ver4-cache" part="Battery-RESCUE-NanoPi_Neo_Daughterboard-Ver2"/>
      <sheetpath names="/" tstamps="/"/>
      <tstamp>599D6655</tstamp>
    </comp>
    <comp ref="P5">
      <value>USB_A</value>
      <footprint>CustomComponents:USB_A</footprint>
      <fields>
        <field name="Manufacturer">Amphenol FCI</field>
        <field name="Manufacturer P/N">87520-0010BLF</field>
        <field name="Description">CONN RCPT USB TYPE A R/A PCB</field>
        <field name="DigiKey P/N">609-1045-ND</field>
        <field name="Type">ThroughHole</field>
      </fields>
      <libsource lib="NanoPi_Neo_Daughterboard-Ver4-cache" part="USB_A-RESCUE-NanoPi_Neo_Daughterboard-Ver2"/>
      <sheetpath names="/" tstamps="/"/>
      <tstamp>59A01C89</tstamp>
    </comp>
    <comp ref="P1">
      <value>NEO_GPIO_PINS1</value>
      <footprint>CustomComponents:PinStrip_12-N</footprint>
      <fields>
        <field name="Manufacturer">Sullins Connector Solutions</field>
        <field name="Manufacturer P/N">PPPC121LFBN-RC</field>
        <field name="Description">Generic Female 12 Pin Strip</field>
        <field name="DigiKey P/N">S7045-ND</field>
        <field name="Type">ThroughHole</field>
      </fields>
      <libsource lib="conn" part="CONN_01X12"/>
      <sheetpath names="/" tstamps="/"/>
      <tstamp>59D53AFC</tstamp>
    </comp>
    <comp ref="SW1">
      <value>SPDT-2C</value>
      <footprint>CustomComponents:SPDT-OS10211</footprint>
      <fields>
        <field name="Manufacturer">C&amp;K</field>
        <field name="Manufacturer P/N">OS102011MA1QN1</field>
        <field name="Description">SWITCH SLIDE SPDT 100MA 12V</field>
        <field name="DigiKey P/N">CKN9559-ND or CKN9560-ND</field>
        <field name="Type">ThroughHole</field>
      </fields>
      <libsource lib="CustomComponents" part="SPDT-2C"/>
      <sheetpath names="/" tstamps="/"/>
      <tstamp>5A668F1E</tstamp>
    </comp>
    <comp ref="R10">
      <value>1K</value>
      <footprint>Resistors_SMD:R_0805</footprint>
      <fields>
        <field name="Manufacturer">Yageo</field>
        <field name="Manufacturer P/N">RC0805FR-071KL</field>
        <field name="Description">RES SMD 1K OHM 1% 1/8W 0805</field>
        <field name="DigiKey P/N">311-1.00KCRCT-ND</field>
        <field name="Type">SMD</field>
      </fields>
      <libsource lib="device" part="R"/>
      <sheetpath names="/" tstamps="/"/>
      <tstamp>5A6D27A2</tstamp>
    </comp>
    <comp ref="R11">
      <value>1K</value>
      <footprint>Resistors_SMD:R_0805</footprint>
      <fields>
        <field name="Manufacturer">Yageo</field>
        <field name="Manufacturer P/N">RC0805FR-071KL</field>
        <field name="Description">RES SMD 1K OHM 1% 1/8W 0805</field>
        <field name="DigiKey P/N">311-1.00KCRCT-ND</field>
        <field name="Type">SMD</field>
      </fields>
      <libsource lib="device" part="R"/>
      <sheetpath names="/" tstamps="/"/>
      <tstamp>5A6D7DFB</tstamp>
    </comp>
    <comp ref="LED2">
      <value>Amber</value>
      <footprint>LEDs:LED_0603</footprint>
      <fields>
        <field name="Manufacturer">Lite-On Inc.</field>
        <field name="Manufacturer P/N">LTST-C191KGKT</field>
        <field name="Description">LED ORANGE CLEAR 0603 SMD</field>
        <field name="DigiKey P/N">160-1445-1-ND</field>
        <field name="Type">SMD</field>
      </fields>
      <libsource lib="device" part="Led_Small"/>
      <sheetpath names="/" tstamps="/"/>
      <tstamp>5A6D7F59</tstamp>
    </comp>
    <comp ref="P7">
      <value>CONN_01X04</value>
      <footprint>CustomComponents:OLED</footprint>
      <fields>
        <field name="Manufacturer">Sullins Connector Solutions</field>
        <field name="Manufacturer P/N">PPPC041LFBN-RC</field>
        <field name="Description">Generic Female 4 Pin Strip</field>
        <field name="DigiKey P/N">S7037-ND</field>
        <field name="Type">ThroughHole</field>
      </fields>
      <libsource lib="conn" part="CONN_01X04"/>
      <sheetpath names="/" tstamps="/"/>
      <tstamp>5A6E6FED</tstamp>
    </comp>
    <comp ref="PB1">
      <value>SPST-PUSH</value>
      <footprint>CustomComponents:SW-TL3305</footprint>
      <fields>
        <field name="Manufacturer">E-Switch</field>
        <field name="Manufacturer P/N">TL3305AF260QG</field>
        <field name="Description">SWITCH TACTILE SPST-NO 50MA 12V</field>
        <field name="DigiKey P/N">EG5353CT-ND</field>
        <field name="Type">SMD</field>
      </fields>
      <libsource lib="CustomComponents" part="SPST-PUSH"/>
      <sheetpath names="/" tstamps="/"/>
      <tstamp>5A6EDAC4</tstamp>
    </comp>
    <comp ref="PB2">
      <value>SPST-PUSH</value>
      <footprint>CustomComponents:SW-TL3305</footprint>
      <fields>
        <field name="Manufacturer">E-Switch</field>
        <field name="Manufacturer P/N">TL3305AF260QG</field>
        <field name="Description">SWITCH TACTILE SPST-NO 50MA 12V</field>
        <field name="DigiKey P/N">EG5353CT-ND</field>
        <field name="Type">SMD</field>
      </fields>
      <libsource lib="CustomComponents" part="SPST-PUSH"/>
      <sheetpath names="/" tstamps="/"/>
      <tstamp>5A6EDE05</tstamp>
    </comp>
    <comp ref="R16">
      <value>10K</value>
      <footprint>Resistors_SMD:R_0805</footprint>
      <fields>
        <field name="Manufacturer">Yageo</field>
        <field name="Manufacturer P/N">RC0805FR-0710KL</field>
        <field name="Description">RES SMD 10K OHM 1% 1/8W 0805</field>
        <field name="DigiKey P/N">311-10.0KCRCT-ND</field>
        <field name="Type">SMD</field>
      </fields>
      <libsource lib="device" part="R"/>
      <sheetpath names="/" tstamps="/"/>
      <tstamp>5A6EECFD</tstamp>
    </comp>
    <comp ref="R17">
      <value>10K</value>
      <footprint>Resistors_SMD:R_0805</footprint>
      <fields>
        <field name="Manufacturer">Yageo</field>
        <field name="Manufacturer P/N">RC0805FR-0710KL</field>
        <field name="Description">RES SMD 10K OHM 1% 1/8W 0805</field>
        <field name="DigiKey P/N">311-10.0KCRCT-ND</field>
        <field name="Type">SMD</field>
      </fields>
      <libsource lib="device" part="R"/>
      <sheetpath names="/" tstamps="/"/>
      <tstamp>5A6EEF16</tstamp>
    </comp>
    <comp ref="TP_AC_IN1">
      <value>TestPoint</value>
      <footprint>CustomComponents:ProbePad</footprint>
      <libsource lib="CustomComponents" part="TestPoint"/>
      <sheetpath names="/" tstamps="/"/>
      <tstamp>5A7137B0</tstamp>
    </comp>
    <comp ref="TP_IPS_OUT1">
      <value>TestPoint</value>
      <footprint>CustomComponents:ProbePad</footprint>
      <libsource lib="CustomComponents" part="TestPoint"/>
      <sheetpath names="/" tstamps="/"/>
      <tstamp>5A713A99</tstamp>
    </comp>
    <comp ref="TP_+5">
      <value>TestPoint</value>
      <footprint>CustomComponents:ProbePad</footprint>
      <libsource lib="CustomComponents" part="TestPoint"/>
      <sheetpath names="/" tstamps="/"/>
      <tstamp>5A714253</tstamp>
    </comp>
    <comp ref="TP_GND1">
      <value>TestPoint</value>
      <footprint>CustomComponents:ProbePad</footprint>
      <libsource lib="CustomComponents" part="TestPoint"/>
      <sheetpath names="/" tstamps="/"/>
      <tstamp>5A715452</tstamp>
    </comp>
    <comp ref="R21">
      <value>10K</value>
      <footprint>Resistors_SMD:R_0805</footprint>
      <fields>
        <field name="Manufacturer">Yageo</field>
        <field name="Manufacturer P/N">RC0805FR-0710KL</field>
        <field name="Description">RES SMD 10K OHM 1% 1/8W 0805</field>
        <field name="DigiKey P/N">311-10.0KCRCT-ND</field>
        <field name="Type">SMD</field>
      </fields>
      <libsource lib="device" part="R"/>
      <sheetpath names="/" tstamps="/"/>
      <tstamp>5A962281</tstamp>
    </comp>
    <comp ref="R22">
      <value>1K</value>
      <footprint>Resistors_SMD:R_0805</footprint>
      <fields>
        <field name="Manufacturer">Yageo</field>
        <field name="Manufacturer P/N">RC0805FR-071KL</field>
        <field name="Description">RES SMD 1K OHM 1% 1/8W 0805</field>
        <field name="DigiKey P/N">311-1.00KCRCT-ND</field>
        <field name="Type">SMD</field>
      </fields>
      <libsource lib="device" part="R"/>
      <sheetpath names="/" tstamps="/"/>
      <tstamp>5A9DF153</tstamp>
    </comp>
    <comp ref="LED3">
      <value>Green</value>
      <footprint>LEDs:LED_0603</footprint>
      <fields>
        <field name="Manufacturer">Lite-On Inc.</field>
        <field name="Manufacturer P/N">LTST-C191KFKT</field>
        <field name="Description">LED GREEN CLEAR 0603 SMD</field>
        <field name="DigiKey P/N">160-1446-1-ND</field>
        <field name="Type">SMD</field>
      </fields>
      <libsource lib="device" part="Led_Small"/>
      <sheetpath names="/" tstamps="/"/>
      <tstamp>5A9DF221</tstamp>
    </comp>
    <comp ref="R26">
      <value>200K</value>
      <footprint>Resistors_SMD:R_0805</footprint>
      <datasheet>Yageo</datasheet>
      <fields>
        <field name="Manufacturer">RC0805FR-07200KL</field>
        <field name="Manufacturer P/N">RES SMD 200K OHM 1% 1/8W 0805</field>
        <field name="Description">311-200KCRCT-ND</field>
        <field name="DigiKey P/N">SMD</field>
      </fields>
      <libsource lib="device" part="R"/>
      <sheetpath names="/" tstamps="/"/>
      <tstamp>5AC3C743</tstamp>
    </comp>
    <comp ref="U2">
      <value>MT3608</value>
      <footprint>CustomComponents:SOT-23-6a</footprint>
      <fields>
        <field name="Manufacturer">AEROSEMI</field>
        <field name="Manufacturer P/N">MT3608</field>
        <field name="Description">High Efficiency 1.2MHz 2A Step Up Converter</field>
        <field name="DigiKey P/N">http://www.kynix.com/Detail/584537/MT3608.html</field>
        <field name="Type">SMD</field>
      </fields>
      <libsource lib="CustomComponents" part="SY7208"/>
      <sheetpath names="/" tstamps="/"/>
      <tstamp>5AC3C9AA</tstamp>
    </comp>
    <comp ref="D1">
      <value>NRVTS260ESFT1G</value>
      <footprint>CustomComponents:SOD-123FL</footprint>
      <fields>
        <field name="Manufacturer">ON Semiconductor</field>
        <field name="Manufacturer P/N">NRVTS260ESFT1G</field>
        <field name="Description">DIODE SCHOTTKY 60V 2A SOD123FL</field>
        <field name="DigiKey P/N">NRVTS260ESFT1GOSCT-ND</field>
        <field name="Type">SMD</field>
      </fields>
      <libsource lib="device" part="D_Schottky"/>
      <sheetpath names="/" tstamps="/"/>
      <tstamp>5AC3CA5C</tstamp>
    </comp>
    <comp ref="L2">
      <value>4.7 uH</value>
      <footprint>CustomComponents:INDUCTOR_SMD_6x6-1</footprint>
      <fields>
        <field name="Manufacturer">Taiyo Yuden</field>
        <field name="Manufacturer P/N">NR6028T4R7M</field>
        <field name="Description">FIXED IND 4.7UH 3A 40.3 MOHM SMD</field>
        <field name="DigiKey P/N">587-2100-1-ND </field>
        <field name="Type">SMD</field>
      </fields>
      <libsource lib="device" part="INDUCTOR"/>
      <sheetpath names="/" tstamps="/"/>
      <tstamp>5AC3CD18</tstamp>
    </comp>
    <comp ref="R27">
      <value>27.3K</value>
      <footprint>Resistors_SMD:R_0805</footprint>
      <fields>
        <field name="Manufacturer">Yageo</field>
        <field name="Manufacturer P/N">RC0805FR-0727KL</field>
        <field name="Description">RES SMD 27.4K OHM 1% 1/8W 0805</field>
        <field name="DigiKey P/N">311-27.0KCRCT-ND</field>
        <field name="Type">SMD</field>
      </fields>
      <libsource lib="device" part="R"/>
      <sheetpath names="/" tstamps="/"/>
      <tstamp>5AC3CDDD</tstamp>
    </comp>
    <comp ref="R2">
      <value>0.03 ohm</value>
      <footprint>Resistors_SMD:R_0805</footprint>
      <fields>
        <field name="Manufacturer">Panasonic Electronic Components</field>
        <field name="Manufacturer P/N">ERJ-6CWFR030V</field>
        <field name="Description">RES 0.03 OHM 1% 1/2W 0805</field>
        <field name="DigiKey P/N">P19207CT-ND</field>
        <field name="Type">SMD</field>
      </fields>
      <libsource lib="device" part="R"/>
      <sheetpath names="/" tstamps="/"/>
      <tstamp>5AC426BF</tstamp>
    </comp>
    <comp ref="L1">
      <value>4.7 uH</value>
      <footprint>CustomComponents:INDUCTOR_SMD_6x6-1</footprint>
      <fields>
        <field name="Manufacturer">Taiyo Yuden</field>
        <field name="Manufacturer P/N">NR6028T4R7M</field>
        <field name="Description">FIXED IND 4.7UH 3A 40.3 MOHM SMD</field>
        <field name="DigiKey P/N">587-2100-1-ND </field>
        <field name="Type">SMD</field>
      </fields>
      <libsource lib="device" part="INDUCTOR"/>
      <sheetpath names="/" tstamps="/"/>
      <tstamp>5AC42BF6</tstamp>
    </comp>
    <comp ref="C2">
      <value>10uF</value>
      <footprint>Capacitors_SMD:C_0805</footprint>
      <fields>
        <field name="Manufacturer">Samsung Electro-Mechanics</field>
        <field name="Manufacturer P/N">CL21A106MPFNNNE</field>
        <field name="Description">CAP CER 10UF 10V X5R 0805</field>
        <field name="DigiKey P/N">1276-1144-1-ND</field>
        <field name="Type">10uF / 10V / X5R</field>
      </fields>
      <libsource lib="device" part="C"/>
      <sheetpath names="/" tstamps="/"/>
      <tstamp>5AC44587</tstamp>
    </comp>
    <comp ref="R7">
      <value>100</value>
      <footprint>Resistors_SMD:R_0805</footprint>
      <fields>
        <field name="Manufacturer">Yageo</field>
        <field name="Manufacturer P/N">RC0805FR-07100RL</field>
        <field name="Description">RES SMD 100 OHM 1% 1/8W 0805</field>
        <field name="DigiKey P/N">311-100CRCT-ND</field>
        <field name="Type">SMD</field>
      </fields>
      <libsource lib="device" part="R"/>
      <sheetpath names="/" tstamps="/"/>
      <tstamp>5AC44FD0</tstamp>
    </comp>
    <comp ref="R8">
      <value>10K</value>
      <footprint>Resistors_SMD:R_0805</footprint>
      <fields>
        <field name="Manufacturer">Yageo</field>
        <field name="Manufacturer P/N">RC0805FR-0710KL</field>
        <field name="Description">RES SMD 10K OHM 1% 1/8W 0805</field>
        <field name="DigiKey P/N">311-10.0KCRCT-ND</field>
        <field name="Type">SMD</field>
      </fields>
      <libsource lib="device" part="R"/>
      <sheetpath names="/" tstamps="/"/>
      <tstamp>5AC468A7</tstamp>
    </comp>
    <comp ref="R20">
      <value>200K</value>
      <footprint>Resistors_SMD:R_0805</footprint>
      <fields>
        <field name="Manufacturer">Yageo</field>
        <field name="Manufacturer P/N">RC0805FR-07200KL</field>
        <field name="Description">RES SMD 200K OHM 1% 1/8W 0805</field>
        <field name="DigiKey P/N">311-200KCRCT-ND</field>
        <field name="Type">SMD</field>
      </fields>
      <libsource lib="device" part="R"/>
      <sheetpath names="/" tstamps="/"/>
      <tstamp>5AC523AC</tstamp>
    </comp>
    <comp ref="R19">
      <value>2.2K</value>
      <footprint>Resistors_SMD:R_0805</footprint>
      <fields>
        <field name="Manufacturer">Yageo</field>
        <field name="Manufacturer P/N">RC0805FR-072K2L</field>
        <field name="Description">RES SMD 2.2K OHM 1% 1/8W 0805</field>
        <field name="DigiKey P/N">311-2.20KCRCT-ND</field>
        <field name="Type">SMD</field>
      </fields>
      <libsource lib="device" part="R"/>
      <sheetpath names="/" tstamps="/"/>
      <tstamp>5AC54843</tstamp>
    </comp>
    <comp ref="R18">
      <value>2.2K</value>
      <footprint>Resistors_SMD:R_0805</footprint>
      <fields>
        <field name="Manufacturer">Yageo</field>
        <field name="Manufacturer P/N">RC0805FR-072K2L</field>
        <field name="Description">RES SMD 2.2K OHM 1% 1/8W 0805</field>
        <field name="DigiKey P/N">311-2.20KCRCT-ND</field>
        <field name="Type">SMD</field>
      </fields>
      <libsource lib="device" part="R"/>
      <sheetpath names="/" tstamps="/"/>
      <tstamp>5AC54A47</tstamp>
    </comp>
    <comp ref="C6">
      <value>1uF</value>
      <footprint>Capacitors_SMD:C_0805</footprint>
      <fields>
        <field name="Manufacturer">KEMET</field>
        <field name="Manufacturer P/N">C0805C105K8PACTU</field>
        <field name="Description">CAP CER 1UF 10V X5R 0805</field>
        <field name="DigiKey P/N">399-8006-1-ND</field>
        <field name="Type">SMD</field>
      </fields>
      <libsource lib="device" part="C"/>
      <sheetpath names="/" tstamps="/"/>
      <tstamp>5AC56FDB</tstamp>
    </comp>
    <comp ref="C9">
      <value>1uF</value>
      <footprint>Capacitors_SMD:C_0805</footprint>
      <fields>
        <field name="Manufacturer">KEMET</field>
        <field name="Manufacturer P/N">C0805C105K8PACTU</field>
        <field name="Description">CAP CER 1UF 10V X5R 0805</field>
        <field name="DigiKey P/N">399-8006-1-ND</field>
        <field name="Type">SMD</field>
      </fields>
      <libsource lib="device" part="C"/>
      <sheetpath names="/" tstamps="/"/>
      <tstamp>5AC58053</tstamp>
    </comp>
    <comp ref="R23">
      <value>0</value>
      <footprint>Resistors_SMD:R_0805</footprint>
      <fields>
        <field name="Manufacturer">Yageo</field>
        <field name="Manufacturer P/N">RC0805FR-070RL</field>
        <field name="Description">RES SMD 0 OHM JUMPER 1/8W 0805</field>
        <field name="DigiKey P/N">311-0.0CRCT-ND</field>
        <field name="Type">SMD</field>
      </fields>
      <libsource lib="device" part="R"/>
      <sheetpath names="/" tstamps="/"/>
      <tstamp>5AC591DA</tstamp>
    </comp>
    <comp ref="C5">
      <value>10uF</value>
      <footprint>Capacitors_SMD:C_0805</footprint>
      <fields>
        <field name="Manufacturer">Samsung Electro-Mechanics</field>
        <field name="Manufacturer P/N">CL21A106MPFNNNE</field>
        <field name="Description">CAP CER 10UF 10V X5R 0805</field>
        <field name="DigiKey P/N">1276-1144-1-ND</field>
        <field name="Type">SMD</field>
      </fields>
      <libsource lib="device" part="C"/>
      <sheetpath names="/" tstamps="/"/>
      <tstamp>5AC5AAFF</tstamp>
    </comp>
    <comp ref="C3">
      <value>10uF</value>
      <footprint>Capacitors_SMD:C_0805</footprint>
      <fields>
        <field name="Manufacturer">Samsung Electro-Mechanics</field>
        <field name="Manufacturer P/N">CL21A106MPFNNNE</field>
        <field name="Description">CAP CER 10UF 10V X5R 0805</field>
        <field name="DigiKey P/N">1276-1144-1-ND</field>
        <field name="Type">SMD</field>
      </fields>
      <libsource lib="device" part="C"/>
      <sheetpath names="/" tstamps="/"/>
      <tstamp>5AC5B66E</tstamp>
    </comp>
    <comp ref="P6">
      <value>NEO_GPIO_PINS2</value>
      <footprint>CustomComponents:PinStrip_12-N</footprint>
      <fields>
        <field name="Manufacturer">Sullins Connector Solutions</field>
        <field name="Manufacturer P/N">PPPC051LFBN-RC</field>
        <field name="Description">Generic Female 5 Pin Strip</field>
        <field name="DigiKey P/N">S7038-ND</field>
        <field name="Type">ThroughHole</field>
      </fields>
      <libsource lib="conn" part="CONN_01X12"/>
      <sheetpath names="/" tstamps="/"/>
      <tstamp>5AC52C30</tstamp>
    </comp>
    <comp ref="TP_BATT+1">
      <value>TestPoint</value>
      <footprint>CustomComponents:ProbePad</footprint>
      <libsource lib="CustomComponents" part="TestPoint"/>
      <sheetpath names="/" tstamps="/"/>
      <tstamp>5AC871AA</tstamp>
    </comp>
    <comp ref="U1">
      <value>AXP209</value>
      <footprint>CustomComponents:UQFN-48-1EP_6x6mm_Pitch0.4mm</footprint>
      <fields>
        <field name="Manufacturer">X-Powers</field>
        <field name="Manufacturer P/N">AXP209</field>
        <field name="Description">Enhanced single Cell Li-Battery and Power System Management IC</field>
        <field name="DigiKey P/N">http://www.kynix.com/Detail/120792/AXP209.html</field>
        <field name="Type">SMD</field>
      </fields>
      <libsource lib="CustomComponents" part="AXP209"/>
      <sheetpath names="/" tstamps="/"/>
      <tstamp>5AD88D58</tstamp>
    </comp>
    <comp ref="C10">
      <value>1uF</value>
      <footprint>Capacitors_SMD:C_0805</footprint>
      <fields>
        <field name="Manufacturer">KEMET</field>
        <field name="Manufacturer P/N">C0805C105K8PACTU</field>
        <field name="Description">CAP CER 1UF 10V X5R 0805</field>
        <field name="DigiKey P/N">399-8006-1-ND</field>
        <field name="Type">SMD</field>
      </fields>
      <libsource lib="device" part="C"/>
      <sheetpath names="/" tstamps="/"/>
      <tstamp>5AD8D2ED</tstamp>
    </comp>
    <comp ref="C11">
      <value>4.7uF</value>
      <footprint>Capacitors_SMD:C_0805</footprint>
      <fields>
        <field name="Manufacturer">Samsung Electro-Mechanics</field>
        <field name="Manufacturer P/N">CL21B475KPFNNNE</field>
        <field name="Description">CAP CER 4.7UF 10V X5R 0805</field>
        <field name="DigiKey P/N">1276-2972-1-ND</field>
        <field name="Type">SMD</field>
      </fields>
      <libsource lib="device" part="C"/>
      <sheetpath names="/" tstamps="/"/>
      <tstamp>5AD8DA33</tstamp>
    </comp>
    <comp ref="C12">
      <value>4.7uF</value>
      <footprint>Capacitors_SMD:C_0805</footprint>
      <fields>
        <field name="Manufacturer">Samsung Electro-Mechanics</field>
        <field name="Manufacturer P/N">CL21B475KPFNNNE</field>
        <field name="Description">CAP CER 4.7UF 10V X5R 0805</field>
        <field name="DigiKey P/N">1276-2972-1-ND</field>
        <field name="Type">SMD</field>
      </fields>
      <libsource lib="device" part="C"/>
      <sheetpath names="/" tstamps="/"/>
      <tstamp>5AD8DB26</tstamp>
    </comp>
    <comp ref="C13">
      <value>4.7uF</value>
      <footprint>Capacitors_SMD:C_0805</footprint>
      <fields>
        <field name="Manufacturer">Samsung Electro-Mechanics</field>
        <field name="Manufacturer P/N">CL21B475KPFNNNE</field>
        <field name="Description">CAP CER 4.7UF 10V X5R 0805</field>
        <field name="DigiKey P/N">1276-2972-1-ND</field>
        <field name="Type">SMD</field>
      </fields>
      <libsource lib="device" part="C"/>
      <sheetpath names="/" tstamps="/"/>
      <tstamp>5AD8E5C8</tstamp>
    </comp>
    <comp ref="U3">
      <value>MIC2019</value>
      <footprint>CustomComponents:SOT-23-6a</footprint>
      <fields>
        <field name="Manufacturer">Microchip Technology</field>
        <field name="Manufacturer P/N">MIC2019YM6-TR</field>
        <field name="Description">IC DISTRIBUTION SW ADJ SOT23-6</field>
        <field name="DigiKey P/N">576-2595-1-ND </field>
        <field name="Type">SMD</field>
      </fields>
      <libsource lib="CustomComponents" part="MIC2019"/>
      <sheetpath names="/" tstamps="/"/>
      <tstamp>5ADA67B3</tstamp>
    </comp>
    <comp ref="R1">
      <value>162</value>
      <footprint>Resistors_SMD:R_0805</footprint>
      <fields>
        <field name="Manufacturer">Yageo</field>
        <field name="Manufacturer P/N">RC0805FR-07162R</field>
        <field name="Description">RES SMD 162 OHM 1% 1/8W 0805</field>
        <field name="DigiKey P/N">311-162CRCT-ND</field>
        <field name="Type">SMD</field>
      </fields>
      <libsource lib="device" part="R"/>
      <sheetpath names="/" tstamps="/"/>
      <tstamp>5ADA7D9B</tstamp>
    </comp>
    <comp ref="R3">
      <value>1K</value>
      <footprint>Resistors_SMD:R_0805</footprint>
      <fields>
        <field name="Manufacturer">Yageo</field>
        <field name="Manufacturer P/N">RC0805FR-071KL</field>
        <field name="Description">RES SMD 1K OHM 1% 1/8W 0805</field>
        <field name="DigiKey P/N">311-1.00KCRCT-ND</field>
        <field name="Type">SMD</field>
      </fields>
      <libsource lib="device" part="R"/>
      <sheetpath names="/" tstamps="/"/>
      <tstamp>5AECAF56</tstamp>
    </comp>
    <comp ref="R5">
      <value>10K</value>
      <footprint>Resistors_SMD:R_0805</footprint>
      <fields>
        <field name="Manufacturer">Yageo</field>
        <field name="Manufacturer P/N">RC0805FR-0710KL</field>
        <field name="Description">RES SMD 10K OHM 1% 1/8W 0805</field>
        <field name="DigiKey P/N">311-10.0KCRCT-ND</field>
        <field name="Type">SMD</field>
      </fields>
      <libsource lib="device" part="R"/>
      <sheetpath names="/" tstamps="/"/>
      <tstamp>5AECF2A5</tstamp>
    </comp>
    <comp ref="PB3">
      <value>SPST-PUSH</value>
      <footprint>CustomComponents:SW-TL3305</footprint>
      <fields>
        <field name="Manufacturer">E-Switch</field>
        <field name="Manufacturer P/N">TL3305AF260QG</field>
        <field name="Description">SWITCH TACTILE SPST-NO 50MA 12V</field>
        <field name="DigiKey P/N">EG5353CT-ND</field>
        <field name="Type">SMD</field>
      </fields>
      <libsource lib="CustomComponents" part="SPST-PUSH"/>
      <sheetpath names="/" tstamps="/"/>
      <tstamp>5AECF913</tstamp>
    </comp>
    <comp ref="Q1">
      <value>IRLML2502</value>
      <footprint>TO_SOT_Packages_SMD:SOT-23</footprint>
      <libsource lib="device" part="Q_NMOS_GSD"/>
      <sheetpath names="/" tstamps="/"/>
      <tstamp>5AF0BCA2</tstamp>
    </comp>
    <comp ref="Q2">
      <value>IRLML6402</value>
      <footprint>TO_SOT_Packages_SMD:SOT-23</footprint>
      <libsource lib="device" part="Q_PMOS_GSD"/>
      <sheetpath names="/" tstamps="/"/>
      <tstamp>5AF0C108</tstamp>
    </comp>
    <comp ref="R9">
      <value>10K</value>
      <footprint>Resistors_SMD:R_0805</footprint>
      <libsource lib="device" part="R"/>
      <sheetpath names="/" tstamps="/"/>
      <tstamp>5AF0C8DE</tstamp>
    </comp>
    <comp ref="R6">
      <value>10K</value>
      <footprint>Resistors_SMD:R_0805</footprint>
      <libsource lib="device" part="R"/>
      <sheetpath names="/" tstamps="/"/>
      <tstamp>5AF0CA42</tstamp>
    </comp>
    <comp ref="R12">
      <value>10K</value>
      <footprint>Resistors_SMD:R_0805</footprint>
      <libsource lib="device" part="R"/>
      <sheetpath names="/" tstamps="/"/>
      <tstamp>5AF0E431</tstamp>
    </comp>
    <comp ref="C14">
      <value>22uF</value>
      <footprint>Capacitors_SMD:C_0805</footprint>
      <fields>
        <field name="Manufacturer">KEMET</field>
        <field name="Manufacturer P/N">C0805C226M8PAC7800</field>
        <field name="Description">CAP CER 22UF 10V X5R 0805</field>
        <field name="DigiKey P/N">399-12069-1-ND</field>
        <field name="Type">SMD</field>
      </fields>
      <libsource lib="device" part="C"/>
      <sheetpath names="/" tstamps="/"/>
      <tstamp>5AFE0547</tstamp>
    </comp>
  </components>
  <libparts>
    <libpart lib="CustomComponents" part="AXP209">
      <fields>
        <field name="Reference">U</field>
        <field name="Value">AXP209</field>
      </fields>
      <pins>
        <pin num="1" name="SDA" type="input"/>
        <pin num="2" name="SCK" type="input"/>
        <pin num="3" name="GPIO_3" type="input"/>
        <pin num="4" name="N_OE" type="input"/>
        <pin num="5" name="GPIO_2" type="input"/>
        <pin num="6" name="N_VBus_En" type="input"/>
        <pin num="7" name="Vin_2" type="input"/>
        <pin num="8" name="LX2" type="input"/>
        <pin num="9" name="PGnd_2" type="input"/>
        <pin num="10" name="DCDC_2" type="input"/>
        <pin num="11" name="LDO_4" type="input"/>
        <pin num="12" name="LDO_2" type="input"/>
        <pin num="13" name="LDO_24_In" type="input"/>
        <pin num="14" name="Vin_3" type="input"/>
        <pin num="15" name="LX3" type="input"/>
        <pin num="16" name="PGnd_3" type="input"/>
        <pin num="17" name="DCDC_3" type="input"/>
        <pin num="18" name="GPIO_1" type="input"/>
        <pin num="19" name="GPIO_0/LDO" type="input"/>
        <pin num="20" name="EXTEN" type="output"/>
        <pin num="21" name="APS" type="input"/>
        <pin num="22" name="A_Gnd" type="input"/>
        <pin num="23" name="Bias" type="input"/>
        <pin num="24" name="V_Ref" type="input"/>
        <pin num="25" name="PwrOK" type="input"/>
        <pin num="26" name="V_Internal" type="input"/>
        <pin num="27" name="LDO_1_Set" type="input"/>
        <pin num="28" name="LDO_1" type="input"/>
        <pin num="29" name="DC3_Set" type="input"/>
        <pin num="30" name="BackupBatt" type="input"/>
        <pin num="31" name="VBUS" type="input"/>
        <pin num="32" name="AC_IN" type="input"/>
        <pin num="33" name="AC_IN" type="input"/>
        <pin num="34" name="IPS_Out" type="input"/>
        <pin num="35" name="IPS_Out" type="input"/>
        <pin num="36" name="ChgLED" type="input"/>
        <pin num="37" name="TS" type="input"/>
        <pin num="38" name="Batt" type="input"/>
        <pin num="39" name="Batt" type="input"/>
        <pin num="40" name="LDO_3_In" type="input"/>
        <pin num="41" name="LDO_3" type="input"/>
        <pin num="42" name="BatSense" type="input"/>
        <pin num="43" name="ChgSense" type="input"/>
        <pin num="44" name="Vin_1" type="input"/>
        <pin num="45" name="LX1" type="input"/>
        <pin num="46" name="PGnd_1" type="input"/>
        <pin num="47" name="PwrON" type="input"/>
        <pin num="48" name="IRQ/WakeUp" type="input"/>
        <pin num="49" name="GND_PAD" type="input"/>
      </pins>
    </libpart>
    <libpart lib="NanoPi_Neo_Daughterboard-Ver4-cache" part="Battery-RESCUE-NanoPi_Neo_Daughterboard-Ver2">
      <fields>
        <field name="Reference">BT</field>
        <field name="Value">Battery-RESCUE-NanoPi_Neo_Daughterboard-Ver2</field>
      </fields>
      <pins>
        <pin num="1" name="~" type="passive"/>
        <pin num="2" name="~" type="passive"/>
      </pins>
    </libpart>
    <libpart lib="device" part="C">
      <description>Unpolarized capacitor</description>
      <footprints>
        <fp>C?</fp>
        <fp>C_????_*</fp>
        <fp>C_????</fp>
        <fp>SMD*_c</fp>
        <fp>Capacitor*</fp>
      </footprints>
      <fields>
        <field name="Reference">C</field>
        <field name="Value">C</field>
      </fields>
      <pins>
        <pin num="1" name="~" type="passive"/>
        <pin num="2" name="~" type="passive"/>
      </pins>
    </libpart>
    <libpart lib="conn" part="CONN_01X04">
      <description>Connector 01x04</description>
      <footprints>
        <fp>Pin_Header_Straight_1X04</fp>
        <fp>Pin_Header_Angled_1X04</fp>
        <fp>Socket_Strip_Straight_1X04</fp>
        <fp>Socket_Strip_Angled_1X04</fp>
      </footprints>
      <fields>
        <field name="Reference">P</field>
        <field name="Value">CONN_01X04</field>
      </fields>
      <pins>
        <pin num="1" name="P1" type="passive"/>
        <pin num="2" name="P2" type="passive"/>
        <pin num="3" name="P3" type="passive"/>
        <pin num="4" name="P4" type="passive"/>
      </pins>
    </libpart>
    <libpart lib="conn" part="CONN_01X12">
      <description>Connector 01x12</description>
      <footprints>
        <fp>Pin_Header_Straight_1X12</fp>
        <fp>Pin_Header_Angled_1X12</fp>
        <fp>Socket_Strip_Straight_1X12</fp>
        <fp>Socket_Strip_Angled_1X12</fp>
      </footprints>
      <fields>
        <field name="Reference">P</field>
        <field name="Value">CONN_01X12</field>
      </fields>
      <pins>
        <pin num="1" name="P1" type="passive"/>
        <pin num="2" name="P2" type="passive"/>
        <pin num="3" name="P3" type="passive"/>
        <pin num="4" name="P4" type="passive"/>
        <pin num="5" name="P5" type="passive"/>
        <pin num="6" name="P6" type="passive"/>
        <pin num="7" name="P7" type="passive"/>
        <pin num="8" name="P8" type="passive"/>
        <pin num="9" name="P9" type="passive"/>
        <pin num="10" name="P10" type="passive"/>
        <pin num="11" name="P11" type="passive"/>
        <pin num="12" name="P12" type="passive"/>
      </pins>
    </libpart>
    <libpart lib="device" part="D_Schottky">
      <description>Diode schottky</description>
      <footprints>
        <fp>D-Pak_TO252AA</fp>
        <fp>Diode_*</fp>
        <fp>*SingleDiode</fp>
        <fp>*SingleDiode*</fp>
        <fp>*_Diode_*</fp>
      </footprints>
      <fields>
        <field name="Reference">D</field>
        <field name="Value">D_Schottky</field>
      </fields>
      <pins>
        <pin num="1" name="K" type="passive"/>
        <pin num="2" name="A" type="passive"/>
      </pins>
    </libpart>
    <libpart lib="device" part="INDUCTOR">
      <fields>
        <field name="Reference">L</field>
        <field name="Value">INDUCTOR</field>
      </fields>
      <pins>
        <pin num="1" name="1" type="passive"/>
        <pin num="2" name="2" type="passive"/>
      </pins>
    </libpart>
    <libpart lib="device" part="Led_Small">
      <description>Led</description>
      <footprints>
        <fp>CP*</fp>
        <fp>SM*</fp>
      </footprints>
      <fields>
        <field name="Reference">D</field>
        <field name="Value">Led_Small</field>
      </fields>
      <pins>
        <pin num="1" name="K" type="passive"/>
        <pin num="2" name="A" type="passive"/>
      </pins>
    </libpart>
    <libpart lib="CustomComponents" part="MIC2019">
      <description>MIC2019</description>
      <fields>
        <field name="Reference">IC</field>
        <field name="Value">MIC2019</field>
      </fields>
      <pins>
        <pin num="1" name="Vin" type="input"/>
        <pin num="2" name="GND" type="input"/>
        <pin num="3" name="ENA" type="input"/>
        <pin num="4" name="/Fault" type="output"/>
        <pin num="5" name="ILim" type="input"/>
        <pin num="6" name="Vout" type="power_out"/>
      </pins>
    </libpart>
    <libpart lib="device" part="Q_NMOS_GSD">
      <description>Transistor N-MOSFET (general)</description>
      <fields>
        <field name="Reference">Q</field>
        <field name="Value">Q_NMOS_GSD</field>
      </fields>
      <pins>
        <pin num="1" name="G" type="input"/>
        <pin num="2" name="S" type="passive"/>
        <pin num="3" name="D" type="passive"/>
      </pins>
    </libpart>
    <libpart lib="device" part="Q_PMOS_GSD">
      <description>Transistor P-MOSFET (general)</description>
      <fields>
        <field name="Reference">Q</field>
        <field name="Value">Q_PMOS_GSD</field>
      </fields>
      <pins>
        <pin num="1" name="G" type="input"/>
        <pin num="2" name="S" type="passive"/>
        <pin num="3" name="D" type="passive"/>
      </pins>
    </libpart>
    <libpart lib="device" part="R">
      <description>Resistor</description>
      <footprints>
        <fp>R_*</fp>
        <fp>Resistor_*</fp>
      </footprints>
      <fields>
        <field name="Reference">R</field>
        <field name="Value">R</field>
      </fields>
      <pins>
        <pin num="1" name="~" type="passive"/>
        <pin num="2" name="~" type="passive"/>
      </pins>
    </libpart>
    <libpart lib="CustomComponents" part="SPDT-2C">
      <footprints>
        <fp>SW*</fp>
        <fp>SP3T*</fp>
      </footprints>
      <fields>
        <field name="Reference">SW</field>
        <field name="Value">SPDT-2C</field>
      </fields>
      <pins>
        <pin num="1" name="1" type="passive"/>
        <pin num="2" name="2" type="passive"/>
        <pin num="3" name="3" type="passive"/>
      </pins>
    </libpart>
    <libpart lib="CustomComponents" part="SPST-PUSH">
      <footprints>
        <fp>SW*</fp>
        <fp>SP3T*</fp>
      </footprints>
      <fields>
        <field name="Reference">SW</field>
        <field name="Value">SPST-PUSH</field>
      </fields>
      <pins>
        <pin num="1" name="1" type="passive"/>
        <pin num="2" name="2" type="passive"/>
      </pins>
    </libpart>
    <libpart lib="CustomComponents" part="SY7208">
      <fields>
        <field name="Reference">U</field>
        <field name="Value">SY7208</field>
      </fields>
      <pins>
        <pin num="1" name="LX" type="input"/>
        <pin num="2" name="GND" type="input"/>
        <pin num="3" name="FB" type="input"/>
        <pin num="4" name="EN" type="input"/>
        <pin num="5" name="IN" type="input"/>
        <pin num="6" name="NC" type="input"/>
      </pins>
    </libpart>
    <libpart lib="CustomComponents" part="TestPoint">
      <fields>
        <field name="Reference">TP</field>
        <field name="Value">TestPoint</field>
      </fields>
      <pins>
        <pin num="1" name="~" type="input"/>
      </pins>
    </libpart>
    <libpart lib="NanoPi_Neo_Daughterboard-Ver4-cache" part="USB_A-RESCUE-NanoPi_Neo_Daughterboard-Ver2">
      <footprints>
        <fp>USB*</fp>
      </footprints>
      <fields>
        <field name="Reference">P</field>
        <field name="Value">USB_A-RESCUE-NanoPi_Neo_Daughterboard-Ver2</field>
      </fields>
      <pins>
        <pin num="1" name="VCC" type="input"/>
        <pin num="2" name="D-" type="passive"/>
        <pin num="3" name="D+" type="passive"/>
        <pin num="4" name="GND" type="input"/>
        <pin num="5" name="shield" type="passive"/>
      </pins>
    </libpart>
    <libpart lib="NanoPi_Neo_Daughterboard-Ver4-cache" part="USB_OTG-RESCUE-NanoPi_Neo_Daughterboard-Ver2">
      <footprints>
        <fp>USB*</fp>
      </footprints>
      <fields>
        <field name="Reference">P</field>
        <field name="Value">USB_OTG-RESCUE-NanoPi_Neo_Daughterboard-Ver2</field>
      </fields>
      <pins>
        <pin num="1" name="VCC" type="power_out"/>
        <pin num="2" name="D-" type="passive"/>
        <pin num="3" name="D+" type="passive"/>
        <pin num="4" name="ID" type="power_in"/>
        <pin num="5" name="GND" type="power_out"/>
        <pin num="6" name="shield" type="passive"/>
      </pins>
    </libpart>
  </libparts>
  <libraries>
    <library logical="device">
      <uri>D:\Program Files\KiCad\share\kicad\library\device.lib</uri>
    </library>
    <library logical="CustomComponents">
      <uri>D:\Projects-ConnectBox\NanoPi_Neo_Daughterboard-Ver4.7.2\components\CustomComponents.lib</uri>
    </library>
    <library logical="NanoPi_Neo_Daughterboard-Ver4-cache">
      <uri>D:\Projects-ConnectBox\NanoPi_Neo_Daughterboard-Ver4.7.2\NanoPi_Neo_Daughterboard-Ver4-cache.lib</uri>
    </library>
    <library logical="conn">
      <uri>D:\Program Files\KiCad\share\kicad\library\conn.lib</uri>
    </library>
  </libraries>
  <nets>
    <net code="1" name="Net-(U1-Pad7)">
      <node ref="U1" pin="7"/>
    </net>
    <net code="2" name="Net-(U1-Pad8)">
      <node ref="U1" pin="8"/>
    </net>
    <net code="3" name="Net-(U1-Pad10)">
      <node ref="U1" pin="10"/>
    </net>
    <net code="4" name="Net-(U1-Pad30)">
      <node ref="U1" pin="30"/>
    </net>
    <net code="5" name="Net-(C12-Pad2)">
      <node ref="U1" pin="11"/>
      <node ref="C12" pin="2"/>
    </net>
    <net code="6" name="Net-(U1-Pad31)">
      <node ref="U1" pin="31"/>
    </net>
    <net code="7" name="Net-(R20-Pad2)">
      <node ref="U1" pin="23"/>
      <node ref="R20" pin="2"/>
    </net>
    <net code="8" name="Net-(U1-Pad29)">
      <node ref="U1" pin="29"/>
    </net>
    <net code="9" name="/3v3">
      <node ref="P6" pin="1"/>
      <node ref="C10" pin="1"/>
      <node ref="R18" pin="2"/>
      <node ref="R19" pin="2"/>
    </net>
    <net code="10" name="Net-(U1-Pad3)">
      <node ref="U1" pin="3"/>
    </net>
    <net code="11" name="Net-(SW1-Pad2)">
      <node ref="U1" pin="4"/>
      <node ref="SW1" pin="2"/>
    </net>
    <net code="12" name="Net-(U1-Pad5)">
      <node ref="U1" pin="5"/>
    </net>
    <net code="13" name="Net-(U1-Pad28)">
      <node ref="U1" pin="28"/>
    </net>
    <net code="14" name="Net-(U1-Pad48)">
      <node ref="U1" pin="48"/>
    </net>
    <net code="15" name="Net-(U1-Pad19)">
      <node ref="U1" pin="19"/>
    </net>
    <net code="16" name="Net-(U1-Pad18)">
      <node ref="U1" pin="18"/>
    </net>
    <net code="17" name="Net-(C11-Pad2)">
      <node ref="U1" pin="12"/>
      <node ref="C11" pin="2"/>
    </net>
    <net code="18" name="Net-(L1-Pad2)">
      <node ref="L1" pin="2"/>
      <node ref="U1" pin="45"/>
    </net>
    <net code="19" name="Net-(U1-Pad14)">
      <node ref="U1" pin="14"/>
    </net>
    <net code="20" name="Net-(C9-Pad2)">
      <node ref="U1" pin="24"/>
      <node ref="C9" pin="2"/>
    </net>
    <net code="21" name="Net-(U1-Pad15)">
      <node ref="U1" pin="15"/>
    </net>
    <net code="22" name="Net-(U1-Pad25)">
      <node ref="U1" pin="25"/>
    </net>
    <net code="23" name="Net-(U1-Pad17)">
      <node ref="U1" pin="17"/>
    </net>
    <net code="24" name="Net-(C6-Pad2)">
      <node ref="U1" pin="26"/>
      <node ref="U1" pin="27"/>
      <node ref="C6" pin="2"/>
    </net>
    <net code="25" name="Net-(R7-Pad1)">
      <node ref="U1" pin="37"/>
      <node ref="R7" pin="1"/>
    </net>
    <net code="26" name="Net-(U1-Pad47)">
      <node ref="U1" pin="47"/>
    </net>
    <net code="27" name="Net-(LED1-Pad1)">
      <node ref="LED1" pin="1"/>
      <node ref="U1" pin="36"/>
    </net>
    <net code="28" name="Net-(LED1-Pad2)">
      <node ref="LED1" pin="2"/>
      <node ref="R4" pin="2"/>
    </net>
    <net code="30" name="Net-(Q1-Pad1)">
      <node ref="R9" pin="1"/>
      <node ref="Q1" pin="1"/>
      <node ref="R6" pin="1"/>
    </net>
    <net code="31" name="Net-(R6-Pad2)">
      <node ref="U3" pin="3"/>
      <node ref="R6" pin="2"/>
      <node ref="U1" pin="20"/>
    </net>
    <net code="32" name="Net-(Q1-Pad3)">
      <node ref="R12" pin="2"/>
      <node ref="Q2" pin="1"/>
      <node ref="Q1" pin="3"/>
    </net>
    <net code="33" name="Net-(P1-Pad8)">
      <node ref="P1" pin="8"/>
      <node ref="PB3" pin="1"/>
      <node ref="R5" pin="2"/>
    </net>
    <net code="34" name="Net-(P2-Pad4)">
      <node ref="P2" pin="4"/>
    </net>
    <net code="35" name="Net-(P2-Pad5)">
      <node ref="P2" pin="5"/>
    </net>
    <net code="36" name="Net-(P5-Pad5)">
      <node ref="P5" pin="5"/>
    </net>
    <net code="38" name="Net-(U3-Pad4)">
      <node ref="U3" pin="4"/>
    </net>
    <net code="39" name="Net-(R1-Pad1)">
      <node ref="R1" pin="1"/>
      <node ref="U3" pin="5"/>
    </net>
    <net code="40" name="Net-(C13-Pad2)">
      <node ref="U1" pin="41"/>
      <node ref="C13" pin="2"/>
    </net>
    <net code="41" name="/GND">
      <node ref="R1" pin="2"/>
      <node ref="C13" pin="1"/>
      <node ref="U3" pin="2"/>
      <node ref="C1" pin="2"/>
      <node ref="BAT1" pin="2"/>
      <node ref="P4" pin="5"/>
      <node ref="P2" pin="12"/>
      <node ref="P6" pin="5"/>
      <node ref="P1" pin="7"/>
      <node ref="P1" pin="10"/>
      <node ref="P7" pin="1"/>
      <node ref="P5" pin="4"/>
      <node ref="P1" pin="3"/>
      <node ref="C4" pin="2"/>
      <node ref="PB1" pin="2"/>
      <node ref="R3" pin="2"/>
      <node ref="LED3" pin="1"/>
      <node ref="U2" pin="2"/>
      <node ref="R27" pin="2"/>
      <node ref="PB2" pin="2"/>
      <node ref="TP_GND1" pin="1"/>
      <node ref="R23" pin="1"/>
      <node ref="C3" pin="2"/>
      <node ref="C2" pin="2"/>
      <node ref="R7" pin="2"/>
      <node ref="C7" pin="2"/>
      <node ref="C8" pin="2"/>
      <node ref="C14" pin="2"/>
      <node ref="R9" pin="2"/>
      <node ref="U1" pin="46"/>
      <node ref="Q1" pin="2"/>
      <node ref="PB3" pin="2"/>
      <node ref="C11" pin="1"/>
      <node ref="C10" pin="2"/>
      <node ref="U1" pin="49"/>
      <node ref="U1" pin="9"/>
      <node ref="U1" pin="16"/>
      <node ref="C12" pin="1"/>
    </net>
    <net code="42" name="Net-(R3-Pad1)">
      <node ref="R3" pin="1"/>
      <node ref="SW1" pin="3"/>
    </net>
    <net code="43" name="Net-(D1-Pad2)">
      <node ref="U2" pin="1"/>
      <node ref="L2" pin="2"/>
      <node ref="D1" pin="2"/>
    </net>
    <net code="44" name="Net-(R26-Pad2)">
      <node ref="U2" pin="3"/>
      <node ref="R27" pin="1"/>
      <node ref="R26" pin="2"/>
    </net>
    <net code="45" name="Net-(LED3-Pad2)">
      <node ref="LED3" pin="2"/>
      <node ref="R22" pin="2"/>
    </net>
    <net code="46" name="Net-(U2-Pad6)">
      <node ref="U2" pin="6"/>
    </net>
    <net code="47" name="Net-(P1-Pad11)">
      <node ref="R16" pin="2"/>
      <node ref="PB1" pin="1"/>
      <node ref="P1" pin="11"/>
    </net>
    <net code="48" name="/SDA">
      <node ref="R18" pin="1"/>
      <node ref="P6" pin="2"/>
      <node ref="P7" pin="4"/>
      <node ref="U1" pin="1"/>
    </net>
    <net code="49" name="/SCL">
      <node ref="P6" pin="3"/>
      <node ref="R19" pin="1"/>
      <node ref="P7" pin="3"/>
      <node ref="U1" pin="2"/>
    </net>
    <net code="50" name="Net-(R8-Pad1)">
      <node ref="R8" pin="1"/>
      <node ref="U1" pin="6"/>
    </net>
    <net code="51" name="/A_GND">
      <node ref="C6" pin="1"/>
      <node ref="C9" pin="1"/>
      <node ref="R23" pin="2"/>
      <node ref="C5" pin="1"/>
      <node ref="U1" pin="22"/>
      <node ref="R20" pin="1"/>
    </net>
    <net code="52" name="Net-(P2-Pad7)">
      <node ref="P2" pin="7"/>
    </net>
    <net code="53" name="Net-(P2-Pad8)">
      <node ref="P2" pin="8"/>
    </net>
    <net code="54" name="Net-(P2-Pad9)">
      <node ref="P2" pin="9"/>
    </net>
    <net code="55" name="Net-(P2-Pad10)">
      <node ref="P2" pin="10"/>
    </net>
    <net code="56" name="Net-(P4-Pad2)">
      <node ref="P4" pin="2"/>
    </net>
    <net code="57" name="Net-(P4-Pad3)">
      <node ref="P4" pin="3"/>
    </net>
    <net code="58" name="Net-(P4-Pad4)">
      <node ref="P4" pin="4"/>
    </net>
    <net code="59" name="Net-(P4-Pad6)">
      <node ref="P4" pin="6"/>
    </net>
    <net code="60" name="Net-(P2-Pad11)">
      <node ref="P2" pin="11"/>
    </net>
    <net code="61" name="Net-(P2-Pad6)">
      <node ref="P2" pin="6"/>
    </net>
    <net code="62" name="Net-(P1-Pad9)">
      <node ref="P1" pin="9"/>
    </net>
    <net code="63" name="Net-(P1-Pad12)">
      <node ref="P1" pin="12"/>
    </net>
    <net code="64" name="Net-(LED2-Pad2)">
      <node ref="R10" pin="1"/>
      <node ref="R11" pin="2"/>
      <node ref="LED2" pin="2"/>
    </net>
    <net code="65" name="Net-(P2-Pad3)">
      <node ref="P2" pin="3"/>
      <node ref="P5" pin="2"/>
    </net>
    <net code="66" name="Net-(P2-Pad2)">
      <node ref="P5" pin="3"/>
      <node ref="P2" pin="2"/>
    </net>
    <net code="68" name="/5V_OUT">
      <node ref="R11" pin="1"/>
      <node ref="P1" pin="2"/>
      <node ref="P1" pin="1"/>
      <node ref="P5" pin="1"/>
      <node ref="R5" pin="1"/>
      <node ref="R16" pin="1"/>
      <node ref="R17" pin="1"/>
      <node ref="D1" pin="1"/>
      <node ref="R22" pin="1"/>
      <node ref="P7" pin="2"/>
      <node ref="R21" pin="2"/>
      <node ref="R26" pin="1"/>
      <node ref="C8" pin="1"/>
      <node ref="C14" pin="1"/>
      <node ref="C7" pin="1"/>
      <node ref="P2" pin="1"/>
      <node ref="TP_+5" pin="1"/>
    </net>
    <net code="69" name="Net-(P1-Pad4)">
      <node ref="R21" pin="1"/>
      <node ref="P1" pin="4"/>
    </net>
    <net code="70" name="Net-(P1-Pad5)">
      <node ref="PB2" pin="1"/>
      <node ref="R17" pin="2"/>
      <node ref="P1" pin="5"/>
    </net>
    <net code="71" name="Net-(C2-Pad1)">
      <node ref="C2" pin="1"/>
      <node ref="L1" pin="1"/>
      <node ref="R2" pin="2"/>
      <node ref="U1" pin="43"/>
    </net>
    <net code="72" name="Net-(C4-Pad1)">
      <node ref="C4" pin="1"/>
      <node ref="Q2" pin="3"/>
      <node ref="U2" pin="5"/>
      <node ref="U3" pin="6"/>
      <node ref="U2" pin="4"/>
      <node ref="L2" pin="1"/>
    </net>
    <net code="73" name="/AC_IN">
      <node ref="TP_AC_IN1" pin="1"/>
      <node ref="U1" pin="33"/>
      <node ref="P4" pin="1"/>
      <node ref="U1" pin="32"/>
    </net>
    <net code="74" name="Net-(P6-Pad7)">
      <node ref="P6" pin="7"/>
    </net>
    <net code="75" name="Net-(P6-Pad8)">
      <node ref="P6" pin="8"/>
    </net>
    <net code="76" name="Net-(P6-Pad9)">
      <node ref="P6" pin="9"/>
    </net>
    <net code="77" name="Net-(P6-Pad10)">
      <node ref="P6" pin="10"/>
    </net>
    <net code="78" name="Net-(P6-Pad11)">
      <node ref="P6" pin="11"/>
    </net>
    <net code="79" name="Net-(P6-Pad12)">
      <node ref="P6" pin="12"/>
    </net>
    <net code="80" name="Net-(P6-Pad6)">
      <node ref="P6" pin="6"/>
    </net>
    <net code="81" name="/IPS_OUT">
      <node ref="U3" pin="1"/>
      <node ref="Q2" pin="2"/>
      <node ref="U1" pin="40"/>
      <node ref="R12" pin="1"/>
      <node ref="U1" pin="21"/>
      <node ref="U1" pin="13"/>
      <node ref="R8" pin="2"/>
      <node ref="U1" pin="34"/>
      <node ref="U1" pin="44"/>
      <node ref="U1" pin="35"/>
      <node ref="C3" pin="1"/>
      <node ref="C5" pin="2"/>
      <node ref="TP_IPS_OUT1" pin="1"/>
      <node ref="SW1" pin="1"/>
      <node ref="R4" pin="1"/>
    </net>
    <net code="82" name="/BAT+">
      <node ref="U1" pin="42"/>
      <node ref="C1" pin="1"/>
      <node ref="BAT1" pin="1"/>
      <node ref="TP_BATT+1" pin="1"/>
      <node ref="U1" pin="38"/>
      <node ref="U1" pin="39"/>
      <node ref="R2" pin="1"/>
    </net>
    <net code="83" name="Net-(P6-Pad4)">
      <node ref="P6" pin="4"/>
    </net>
    <net code="84" name="Net-(LED2-Pad1)">
      <node ref="LED2" pin="1"/>
      <node ref="R10" pin="2"/>
      <node ref="P1" pin="6"/>
    </net>
  </nets>
</export>
